-- USUARIOS

insert into usuarios(nome, email, senha, celular, cpf, criado_em) values ('Breno Garcia', 'alexia96@example.net', 'td2Zp35g4!', '(084) 8081-6924', '817.432.695-28', now());
insert into usuarios(nome, email, senha, celular, cpf, criado_em) values ('Liam Barbosa', 'aragaomaite@example.net', ')bB2qDFCh1', '+55 31 6638-5493', '062.791.835-21', now());
insert into usuarios(nome, email, senha, celular, cpf, criado_em) values ('Brayan Ferreira', 'dsousa@example.com', 'noR9bDVpM(', '71 7271 5411', '563.871.204-62', now());
insert into usuarios(nome, email, senha, celular, cpf, criado_em) values ('Arthur Miguel Montenegro', 'luiz-otaviofreitas@example.net', '%I5ypQxOpw', '+55 11 9593 1624', '508.142.937-60', now());
insert into usuarios(nome, email, senha, celular, cpf, criado_em) values ('Cauã Pastor', 'ana-ceciliafarias@example.org', '@Dk12WCa_J', '0500-051-8206', '706.459.182-02', now());
insert into usuarios(nome, email, senha, celular, cpf, criado_em) values ('Sophia Alburquerque', 'apollofonseca@example.net', 'D^5k88wpiF', '(031) 6016-5695', '745.126.389-46', now());
insert into usuarios(nome, email, senha, celular, cpf, criado_em) values ('Stella Nascimento', 'henry-gabrielmonteiro@example.org', 'p7_D@5Qb_V', '+55 (081) 2803 7473', '526.431.780-17', now());
insert into usuarios(nome, email, senha, celular, cpf, criado_em) values ('João Guilherme Monteiro', 'rhavialmeida@example.com', 'm^U#zHEN$1', '(084) 7065 8106', '492.018.753-04', now());
insert into usuarios(nome, email, senha, celular, cpf, criado_em) values ('Sr. Gustavo Henrique Sales', 'isabel82@example.com', '(NRa1UJm(h', '(051) 9384-9974', '038.674.295-29', now());
insert into usuarios(nome, email, senha, celular, cpf, criado_em) values ('Thales Alburquerque', 'natalia13@example.com', '&+7qDk7F(H', '0800-510-2185', '408.653.792-38', now());
insert into usuarios(nome, email, senha, celular, cpf, criado_em) values ('Giovanna Rios', 'fernanda53@example.org', ')5IGo%InwW', '(051) 8464-9861', '842.367.905-56', now());
insert into usuarios(nome, email, senha, celular, cpf, criado_em) values ('Valentina Barbosa', 'camaraalexia@example.org', 'C#47Nurq%!', '51 5832 3509', '318.427.965-00', now());
insert into usuarios(nome, email, senha, celular, cpf, criado_em) values ('Valentim Brito', 'maya68@example.net', 'IzulzS9EXY', '0500 135 3507', '379.615.208-21', now());
insert into usuarios(nome, email, senha, celular, cpf, criado_em) values ('Diogo Ribeiro', 'abresuamuel@example.org', 'cw4Pvqig(8', '(081) 6698-2752', '629.883.751-68', now());
insert into usuarios(nome, email, senha, celular, cpf, criado_em) values ('Maria da Cunha', 'portobrunapaz@example.net', '2HeMPH9a>', '(041) 5259-7462', '952.846.391-89', now());
insert into usuarios(nome, email, senha, celular, cpf, criado_em) values ('Davi Lucas Araújo', 'eloah29@example.com', 'Kk6vG02jE0', '84 6615 4842', '357.096.824-38', now());
insert into usuarios(nome, email, senha, celular, cpf, criado_em) values ('Diogo Vargas', 'bernardo68@example.org', 's6SLpaUg6o', '0300-406-2820', '387.496.152-46', now());
insert into usuarios(nome, email, senha, celular, cpf, criado_em) values ('Maria Helena Viana', 'marcela17le@example.net', 'd7Tus(YkJh', '0500 188 9778', '015.938.762-03', now());
insert into usuarios(nome, email, senha, celular, cpf, criado_em) values ('Levi Moreira', 'calebcampos@example.com', 'bJ3(cj0tmu', '+55 (021) 1134 0001', '468.375.192-55', now());
insert into usuarios(nome, email, senha, celular, cpf, criado_em) values ('Thomas Henrqe', 'hans6@example.net', 'xJ>hXc)', '61 9167-0585', '830.196.745-57', now());
insert into usuarios(nome, email, senha, celular, cpf, criado_em) values ('Kevin Montenegro', 'mendesorena@example.org', 'OXUjCJfcV9', '21 4984 2994', '427.953.061-07', now());
insert into usuarios(nome, email, senha, celular, cpf, criado_em) values ('Luna Pastor', 'cecilianacarvalho@example.org', 'aR37IHJgcO', '(381) 1965-6865', '184.692.730-78', now());
insert into usuarios(nome, email, senha, celular, cpf, criado_em) values ('Dra. Lavinia dos Neves', 'oda-mateus@example.com', ')hC_6c3P+J', '(031) 4880 3477', '223.451.876-44', now());
insert into usuarios(nome, email, senha, celular, cpf, criado_em) values ('Pietra Caldeira', 'marcela81@example.net', '8mESc5sb84', '0300-330-3930', '049.527.631-61', now());
insert into usuarios(nome, email, senha, celular, cpf, criado_em) values ('Lucas Gabriel Cunha', 'vanessalorena@example.net', 'A+9HeuLYy%3', '21 6927 0158', '152.809.183-60', now());
insert into usuarios(nome, email, senha, celular, cpf, criado_em) values ('Lucas Gabriel Leão', 'ypachecocv@example.org', 'f^4YlfnAgX', '1362-2904-720', '219.748.208-87', now());
insert into usuarios(nome, email, senha, celular, cpf, criado_em) values ('Yasmin da Mata', 'cunhamiguel@example.org', '035CLbtY1', '603-927-5440', '003.982.735-00', now());
insert into usuarios(nome, email, senha, celular, cpf, criado_em) values ('Mariah Moura', 'oliveira10@example.com', 'qUlwjw0s34', '(41) 6708-4695', '853.502.134-99', now());
insert into usuarios(nome, email, senha, celular, cpf, criado_em) values ('Davi Luiz Borges', 'alanaparecida@example.org', 'AxH36BciE7', '21 6994-2949', '406.519.783-60', now());
insert into usuarios(nome, email, senha, celular, cpf, criado_em) values ('Leonard Almeida', 'benicimendes@example.net', 'D#BUd0Zt', '021) 3790-8062', '076.432.481-92', now());

select * from usuarios;

-- ENDERECOS
insert into enderecos(cliente_id, rua, numero, bairro, cidade, estado, cep) values (1, 'Colônia Rodrigo Mendes', '6774', 'Embaúbas', 'Ferreira', 'SC', '18944-467');
insert into enderecos(cliente_id, rua, numero, bairro, cidade, estado, cep) values (2, 'Campo Costa', '8986', 'Jardim Alvorada', 'da Conceição', 'PI', '23171-310');
insert into enderecos(cliente_id, rua, numero, bairro, cidade, estado, cep) values (3, 'Recanto Maria Luísa Marques', '2645', 'Eymard', 'Rocha', 'AP', '74093-924');
insert into enderecos(cliente_id, rua, numero, bairro, cidade, estado, cep) values (4, 'Rodovia de Araujo', '573', 'Distrito Industrial 2ª Seção', 'de Almeida', 'RO', '71542-894');
insert into enderecos(cliente_id, rua, numero, bairro, cidade, estado, cep) values (5, 'Alameda Viana', '1251', 'Mangueiras', 'da Cruz', 'PI', '70839-966');
insert into enderecos(cliente_id, rua, numero, bairro, cidade, estado, cep) values (6, 'Passarela de Oliveira', '4842', 'Vila Boa Vista', 'Cunha dos Dourados', 'TO', '49770-926');
insert into enderecos(cliente_id, rua, numero, bairro, cidade, estado, cep) values (7, 'Rua Gomes', '5214', 'Novo Ouro Preto', 'Araújo', 'DF', '10827-869');
insert into enderecos(cliente_id, rua, numero, bairro, cidade, estado, cep) values (8, 'Quadra de Silveira', '4420', 'São Marcos', 'Siqueira', 'SP', '90132-551');
insert into enderecos(cliente_id, rua, numero, bairro, cidade, estado, cep) values (9, 'Condomínio Castro', '3400', 'Minas Brasil', 'Moura', 'PB', '81642-931');
insert into enderecos(cliente_id, rua, numero, bairro, cidade, estado, cep) values (10, 'Recanto Araújo', '9686', 'Santa Margarida', 'Ramos', 'SC', '90855-545');
insert into enderecos(cliente_id, rua, numero, bairro, cidade, estado, cep) values (11, 'Aeroporto Asafe Marques', '8622', 'Jardim Alvorada', 'Cavalcante de Rezende', 'AL', '40454-901');
insert into enderecos(cliente_id, rua, numero, bairro, cidade, estado, cep) values (12, 'Recanto de Pimenta', '7841', 'Marieta 1ª Seção', 'da Costa', 'AM', '39302-845');
insert into enderecos(cliente_id, rua, numero, bairro, cidade, estado, cep) values (13, 'Condomínio Davi Lucca Camargo', '9520', 'Ademar Maldonado', 'Silva das Flores', 'PI', '31007-405');
insert into enderecos(cliente_id, rua, numero, bairro, cidade, estado, cep) values (14, 'Distrito Caldeira', '1461', 'Vila Independência 2ª Seção', 'Barbosa', 'MT', '35653-821');
insert into enderecos(cliente_id, rua, numero, bairro, cidade, estado, cep) values (15, 'Residencial Dias', '8818', 'Vale do Jatobá', 'Souza', 'SE', '23141-922');
insert into enderecos(cliente_id, rua, numero, bairro, cidade, estado, cep) values (16, 'Ladeira de da Cunha', '663', 'Jardim do Vale', 'Camargo', 'GO', '70282-922');
insert into enderecos(cliente_id, rua, numero, bairro, cidade, estado, cep) values (17, 'Vale Anthony Gabriel Fonseca', '3442', 'João Paulo II', 'Garcia dos Dourados', 'PA', '33112-332');
insert into enderecos(cliente_id, rua, numero, bairro, cidade, estado, cep) values (18, 'Setor de Melo', '6598', 'Alto dos Pinheiros', 'Porto de Goiás', 'ES', '69153-076');
insert into enderecos(cliente_id, rua, numero, bairro, cidade, estado, cep) values (19, 'Fazenda Silva', '2485', 'São Damião', 'Borges', 'RO', '72913-237');
insert into enderecos(cliente_id, rua, numero, bairro, cidade, estado, cep) values (20, 'Estação Diogo Farias', '8081', 'Águas Claras', 'Câmara', 'AP', '34107-701');
insert into enderecos(cliente_id, rua, numero, bairro, cidade, estado, cep) values (21, 'Morro de Campos', '8038', 'Vila Cloris', 'Camargo', 'RN', '25140-858');
insert into enderecos(cliente_id, rua, numero, bairro, cidade, estado, cep) values (22, 'Largo Davi Barros', '51', 'Etelvina Carneiro', 'Costela', 'SE', '42269-092');
insert into enderecos(cliente_id, rua, numero, bairro, cidade, estado, cep) values (23, 'Vila de Pacheco', '9854', 'São Lucas', 'Rodrigues', 'MT', '44975-680');
insert into enderecos(cliente_id, rua, numero, bairro, cidade, estado, cep) values (24, 'Passarela Oliveira', '9669', 'Vila Antena', 'Barbosa', 'PI', '66801-824');
insert into enderecos(cliente_id, rua, numero, bairro, cidade, estado, cep) values (25, 'Chácara de da Mota', '1327', 'São Gabriel', 'Cirino Grande', 'AM', '48510-279');
insert into enderecos(cliente_id, rua, numero, bairro, cidade, estado, cep) values (26, 'Travessa José Miguel Rocha', '2139', 'Estrela', 'Moreira das Flores', 'MA', '04008-088');
insert into enderecos(cliente_id, rua, numero, bairro, cidade, estado, cep) values (27, 'Aeroporto de Teixeira', '3971', 'Cajazeiras', 'Teixeira', 'PB', '25739-800');
insert into enderecos(cliente_id, rua, numero, bairro, cidade, estado, cep) values (28, 'Alameda de Farias', '4596', 'São Bento', 'Fogaça', 'PI', '60487-266');
insert into enderecos(cliente_id, rua, numero, bairro, cidade, estado, cep) values (29, 'Estação da Costa', '5962', 'Vila Paraíso', 'Silas', 'BA', '83837-225');
insert into enderecos(cliente_id, rua, numero, bairro, cidade, estado, cep) values (30, 'Morro Ayla Sales', '1627', 'Cidade Jardim', 'Cassiano Paulista', 'RO', '90962-671');

select * from enderecos;

-- CATEGORIAS
insert into categorias(nome, descricao) values ('Roupas', 'Categoria de roupas');
insert into categorias(nome, descricao) values ('Esportes', 'Categoria de esportes');
insert into categorias(nome, descricao) values ('Livros', 'Categoria de livros');
insert into categorias(nome, descricao) values ('Roupas', 'Categoria de roupas');
insert into categorias(nome, descricao) values ('Roupas', 'Categoria de roupas');
insert into categorias(nome, descricao) values ('Roupas', 'Categoria de roupas');
insert into categorias(nome, descricao) values ('Livros', 'Categoria de livros');
insert into categorias(nome, descricao) values ('Roupas', 'Categoria de roupas');
insert into categorias(nome, descricao) values ('Esportes', 'Categoria de esportes');
insert into categorias(nome, descricao) values ('Roupas', 'Categoria de roupas');
insert into categorias(nome, descricao) values ('Roupas', 'Categoria de roupas');
insert into categorias(nome, descricao) values ('Eletrônicos', 'Categoria de eletrônicos');
insert into categorias(nome, descricao) values ('Eletrônicos', 'Categoria de eletrônicos');
insert into categorias(nome, descricao) values ('Eletrônicos', 'Categoria de eletrônicos');
insert into categorias(nome, descricao) values ('Livros', 'Categoria de livros');
insert into categorias(nome, descricao) values ('Eletrônicos', 'Categoria de eletrônicos');
insert into categorias(nome, descricao) values ('Livros', 'Categoria de livros');
insert into categorias(nome, descricao) values ('Eletrônicos', 'Categoria de eletrônicos');
insert into categorias(nome, descricao) values ('Eletrônicos', 'Categoria de eletrônicos');
insert into categorias(nome, descricao) values ('Eletrônicos', 'Categoria de eletrônicos');
insert into categorias(nome, descricao) values ('Esportes', 'Categoria de esportes');
insert into categorias(nome, descricao) values ('Eletrônicos', 'Categoria de eletrônicos');
insert into categorias(nome, descricao) values ('Eletrônicos', 'Categoria de eletrônicos');
insert into categorias(nome, descricao) values ('Eletrônicos', 'Categoria de eletrônicos');
insert into categorias(nome, descricao) values ('Brinquedos', 'Categoria de brinquedos');
insert into categorias(nome, descricao) values ('Eletrônicos', 'Categoria de eletrônicos');
insert into categorias(nome, descricao) values ('Roupas', 'Categoria de roupas');
insert into categorias(nome, descricao) values ('Brinquedos', 'Categoria de brinquedos');
insert into categorias(nome, descricao) values ('Livros', 'Categoria de livros');
insert into categorias(nome, descricao) values ('Esportes', 'Categoria de esportes');

select * from categorias;

-- PRODUTOS
insert into produtos(nome, descricao, preco, estoque, categoria_id) values ('Blanditiis', 'Earum consectetur ut adipisci.', 291.33, 62, 3);
insert into produtos(nome, descricao, preco, estoque, categoria_id) values ('Cupiditate', 'Quae asperiores cupiditate et maiores possimus.', 813.1, 30, 4);
insert into produtos(nome, descricao, preco, estoque, categoria_id) values ('Vel', 'Accusandae vel saepe doloribus et.', 734.41, 80, 3);
insert into produtos(nome, descricao, preco, estoque, categoria_id) values ('Quod', 'Reprehenderit est fuga reiciendis.', 75.79, 15, 5);
insert into produtos(nome, descricao, preco, estoque, categoria_id) values ('Dolorum', 'Placeat veniam veniam.', 628.13, 58, 5);
insert into produtos(nome, descricao, preco, estoque, categoria_id) values ('Recusandae', 'Accusamus reprehenderit suscipit et assumenda dolore natus sit.', 370.25, 45, 1);
insert into produtos(nome, descricao, preco, estoque, categoria_id) values ('Aspernatur', 'Dolor modi omnis maiores alias.', 226.2, 47, 3);
insert into produtos(nome, descricao, preco, estoque, categoria_id) values ('Vero', 'Doloribus non natus.', 847.26, 27, 4);
insert into produtos(nome, descricao, preco, estoque, categoria_id) values ('Minus', 'Adipisci saepe laboriosam nostrum veritatis cum ducimus pariatur.', 989.6, 3, 2);
insert into produtos(nome, descricao, preco, estoque, categoria_id) values ('Voluptatibus', 'Ita id fugiat nam nulla animi occaecati.', 30.71, 7, 3);
insert into produtos(nome, descricao, preco, estoque, categoria_id) values ('Consequatur', 'Adipisci sint labore necessitatibus maxime id.', 432.24, 212, 77);
insert into produtos(nome, descricao, preco, estoque, categoria_id) values ('Saepe', 'Dicta alias ipsa hic numquam.', 262.96, 57, 3);
insert into produtos(nome, descricao, preco, estoque, categoria_id) values ('Quidem', 'Dolor consequatur minus ratione ut quaerat.', 499.02, 99, 5);
insert into produtos(nome, descricao, preco, estoque, categoria_id) values ('Excepturi', 'Reprehenderit aliquid dignissimos eos debitis provident corrupti.', 240.34, 2, 2);
insert into produtos(nome, descricao, preco, estoque, categoria_id) values ('Cumque', 'Sapiente dolor nobis assumenda officia.', 35.03, 71, 1);
insert into produtos(nome, descricao, preco, estoque, categoria_id) values ('Nisi', 'Voluptatem suscipit eum id assumenda nemo.', 261.35, 21, 4);
insert into produtos(nome, descricao, preco, estoque, categoria_id) values ('Doloremque', 'Quaerat optio dolore maxime distinctio minus optio.', 415.93, 70, 2);
insert into produtos(nome, descricao, preco, estoque, categoria_id) values ('Mollitia', 'Numquam error placeat repellendus reiciendis nam odio.', 107.83, 70, 4);
insert into produtos(nome, descricao, preco, estoque, categoria_id) values ('Corporis', 'Ipsa cumque sit tenetur consectetur alias.', 402.86, 49, 5);
insert into produtos(nome, descricao, preco, estoque, categoria_id) values ('Nulla', 'Accusamus molestias optio libero quae nostrum cum eveniet.', 836.2, 51, 4);
insert into produtos(nome, descricao, preco, estoque, categoria_id) values ('Doloremque', 'Est dicta vel autem assumenda eaque.', 856.42, 75, 1);
insert into produtos(nome, descricao, preco, estoque, categoria_id) values ('Eius', 'Exercitationem consequuntur incidunt deserunt voluptatibus quasi provident.', 37.15, 88, 5);
insert into produtos(nome, descricao, preco, estoque, categoria_id) values ('Eligendi', 'Sed aliquam asperiores inventore adipisci.', 667.47, 13, 2);
insert into produtos(nome, descricao, preco, estoque, categoria_id) values ('Modi', 'Maxime commodi ad nam tenetur nobis.', 305.24, 78, 4);
insert into produtos(nome, descricao, preco, estoque, categoria_id) values ('Laborum', 'Saepe accusamus repellendus eligendi ullam deleniti minima.', 289.29, 19, 1);
insert into produtos(nome, descricao, preco, estoque, categoria_id) values ('Error', 'Occaecati vel harum eius sed.', 384.87, 33, 2);
insert into produtos(nome, descricao, preco, estoque, categoria_id) values ('Voluptatum', 'Suscipit expedita ea minima.', 951.24, 63, 4);
insert into produtos(nome, descricao, preco, estoque, categoria_id) values ('Qui', 'Ducimus eos vitae debitis iusto possimus nesciunt architecto.', 800.57, 61, 5);
insert into produtos(nome, descricao, preco, estoque, categoria_id) values ('Provident', 'Iure occaecati error modi dolores expedita totam.', 465.19, 90, 3);
insert into produtos(nome, descricao, preco, estoque, categoria_id) values ('Ratione', 'Fuga illum fugiat nisi optio veniam soluta.', 65.21, 27, 4);
select * from produtos;

-- insert pedidos
insert into pedidos(cliente_id, data_pedido, status, total) values (11, now(), 'Cancelado', 905.56);
insert into pedidos(cliente_id, data_pedido, status, total) values (10, now(), 'Cancelado', 598.73);
insert into pedidos(cliente_id, data_pedido, status, total) values (13, now(), 'Pago', 886.63);
insert into pedidos(cliente_id, data_pedido, status, total) values (24, now(), 'Enviado', 1837.25);
insert into pedidos(cliente_id, data_pedido, status, total) values (25, now(), 'Pendente', 477.57);
insert into pedidos(cliente_id, data_pedido, status, total) values (5, now(), 'Pago', 192.47);
insert into pedidos(cliente_id, data_pedido, status, total) values (30, now(), 'Pago', 1342.37);
insert into pedidos(cliente_id, data_pedido, status, total) values (5, now(), 'Cancelado', 406.48);
insert into pedidos(cliente_id, data_pedido, status, total) values (9, now(), 'Enviado', 1166.13);
insert into pedidos(cliente_id, data_pedido, status, total) values (15, now(), 'Pendente', 1573.79);
insert into pedidos(cliente_id, data_pedido, status, total) values (9, now(), 'Pago', 1329.96);
insert into pedidos(cliente_id, data_pedido, status, total) values (13, now(), 'Pago', 1368.96);
insert into pedidos(cliente_id, data_pedido, status, total) values (19, now(), 'Cancelado', 1671.92);
insert into pedidos(cliente_id, data_pedido, status, total) values (15, now(), 'Cancelado', 407.23);
insert into pedidos(cliente_id, data_pedido, status, total) values (27, now(), 'Enviado', 1048.92);
insert into pedidos(cliente_id, data_pedido, status, total) values (17, now(), 'Pendente', 1349.39);
insert into pedidos(cliente_id, data_pedido, status, total) values (18, now(), 'Pago', 1193.77);
insert into pedidos(cliente_id, data_pedido, status, total) values (30, now(), 'Pago', 1355.48);
insert into pedidos(cliente_id, data_pedido, status, total) values (27, now(), 'Enviado', 855.57);
insert into pedidos(cliente_id, data_pedido, status, total) values (8, now(), 'Pago', 150.22);
insert into pedidos(cliente_id, data_pedido, status, total) values (3, now(), 'Cancelado', 1291.63);
insert into pedidos(cliente_id, data_pedido, status, total) values (24, now(), 'Enviado', 1406.39);
insert into pedidos(cliente_id, data_pedido, status, total) values (12, now(), 'Pago', 185.53);
insert into pedidos(cliente_id, data_pedido, status, total) values (22, now(), 'Pago', 52.86);
insert into pedidos(cliente_id, data_pedido, status, total) values (26, now(), 'Cancelado', 146.48);
insert into pedidos(cliente_id, data_pedido, status, total) values (27, now(), 'Pendente', 892.17);
insert into pedidos(cliente_id, data_pedido, status, total) values (13, now(), 'Pendente', 1663.17);
insert into pedidos(cliente_id, data_pedido, status, total) values (11, now(), 'Enviado', 945.39);
insert into pedidos(cliente_id, data_pedido, status, total) values (28, now(), 'Pendente', 1646.93);
insert into pedidos(cliente_id, data_pedido, status, total) values (22, now(), 'Enviado', 875.64);
select * from pedidos;

-- insert itens-pedidos
insert into itens_pedido(pedido_id, produto_id, quantidade, preco_unitario) values (1, 7, 3, 12.97);
insert into itens_pedido(pedido_id, produto_id, quantidade, preco_unitario) values (2, 8, 15, 186.05);
insert into itens_pedido(pedido_id, produto_id, quantidade, preco_unitario) values (3, 9, 13, 581.53);
insert into itens_pedido(pedido_id, produto_id, quantidade, preco_unitario) values (4, 10, 3, 356.27);
insert into itens_pedido(pedido_id, produto_id, quantidade, preco_unitario) values (5, 6, 7, 42.95);
insert into itens_pedido(pedido_id, produto_id, quantidade, preco_unitario) values (6, 7, 8, 221.49);
insert into itens_pedido(pedido_id, produto_id, quantidade, preco_unitario) values (7, 8, 1, 374.41);
insert into itens_pedido(pedido_id, produto_id, quantidade, preco_unitario) values (8, 9, 3, 137.43);
insert into itens_pedido(pedido_id, produto_id, quantidade, preco_unitario) values (9, 10, 9, 389.62);
insert into itens_pedido(pedido_id, produto_id, quantidade, preco_unitario) values (10, 11, 2, 176.97);
insert into itens_pedido(pedido_id, produto_id, quantidade, preco_unitario) values (11, 12, 12, 59.62);
insert into itens_pedido(pedido_id, produto_id, quantidade, preco_unitario) values (12, 13, 2, 365.07);
insert into itens_pedido(pedido_id, produto_id, quantidade, preco_unitario) values (13, 14, 15, 32.49);
insert into itens_pedido(pedido_id, produto_id, quantidade, preco_unitario) values (14, 15, 3, 267.49);
insert into itens_pedido(pedido_id, produto_id, quantidade, preco_unitario) values (15, 16, 4, 98.72);
insert into itens_pedido(pedido_id, produto_id, quantidade, preco_unitario) values (16, 17, 16, 383.77);
insert into itens_pedido(pedido_id, produto_id, quantidade, preco_unitario) values (17, 18, 11, 135.72);
insert into itens_pedido(pedido_id, produto_id, quantidade, preco_unitario) values (18, 19, 21, 323.72);
insert into itens_pedido(pedido_id, produto_id, quantidade, preco_unitario) values (19, 20, 4, 143.73);
insert into itens_pedido(pedido_id, produto_id, quantidade, preco_unitario) values (20, 21, 20, 111.87);
insert into itens_pedido(pedido_id, produto_id, quantidade, preco_unitario) values (21, 22, 2, 132.86);
insert into itens_pedido(pedido_id, produto_id, quantidade, preco_unitario) values (22, 23, 22, 284.29);
insert into itens_pedido(pedido_id, produto_id, quantidade, preco_unitario) values (23, 24, 5, 228.23);
insert into itens_pedido(pedido_id, produto_id, quantidade, preco_unitario) values (24, 25, 8, 322.88);
insert into itens_pedido(pedido_id, produto_id, quantidade, preco_unitario) values (25, 26, 27, 471.83);
insert into itens_pedido(pedido_id, produto_id, quantidade, preco_unitario) values (26, 27, 10, 379.23);
insert into itens_pedido(pedido_id, produto_id, quantidade, preco_unitario) values (27, 28, 3, 48.16);
insert into itens_pedido(pedido_id, produto_id, quantidade, preco_unitario) values (28, 29, 8, 69.93);
insert into itens_pedido(pedido_id, produto_id, quantidade, preco_unitario) values (29, 28, 1, 61.99);
insert into itens_pedido(pedido_id, produto_id, quantidade, preco_unitario) values (30, 30, 5, 422.43);
select * from itens_pedido;